peptide_index,peptide,target_binding_energy,tool,target,model_1,model_2,model_3,model_4,model_5,model_6,model_7,model_8,model_9,model_10
1,GRYWCEQGQCLHMIGDNGNANW,-14.87,HPEPDOCK,m1,-231.9,-226.9,-222.7,-221.2,-219.6,-219.0,-217.8,-217.6,-216.5,-213.8
1,GRYWCEQGQCLHMIGDNGNANW,-14.87,HPEPDOCK,f100,-208.4,-205.7,-201.0,-199.9,-198.6,-197.2,-196.9,-196.0,-194.8,-194.6
1,GRYWCEQGQCLHMIGDNGNANW,-14.87,HPEPDOCK,x1,-231.9,-229.7,-226.4,-225.4,-224.0,-223.2,-223.0,-220.7,-220.5,-218.6
1,GRYWCEQGQCLHMIGDNGNANW,-14.87,MDockPeP,m1,-220.5,-220.4,-218.6,-218.0,-218.0,-217.7,-217.5,-217.2,-216.9,-214.7
1,GRYWCEQGQCLHMIGDNGNANW,-14.87,MDockPeP,f100,-225.0,-220.2,-216.4,-216.1,-214.6,-214.1,-212.5,-210.9,-210.7,-210.2
1,GRYWCEQGQCLHMIGDNGNANW,-14.87,MDockPeP,x1,-228.4,-228.3,-228.0,-226.3,-225.5,-223.7,-221.9,-221.4,-219.9,-219.7
2,GRYWEGQGSCLHRIGDNGNCNW,-14.86,HPEPDOCK,m1,-251.6,-238.5,-232.5,-231.3,-230.2,-219.3,-219.1,-216.8,-216.7,-214.8
2,GRYWEGQGSCLHRIGDNGNCNW,-14.86,HPEPDOCK,f100,-233.0,-230.7,-228.5,-228.3,-215.3,-212.6,-212.5,-211.7,-211.4,-210.2
2,GRYWEGQGSCLHRIGDNGNCNW,-14.86,HPEPDOCK,x1,-241.0,-239.2,-232.3,-231.8,-231.6,-223.4,-222.4,-221.7,-220.5,-219.6
2,GRYWEGQGSCLHRIGDNGNCNW,-14.86,MDockPeP,m1,-245.2,-243.1,-237.0,-228.8,-227.3,-224.5,-223.4,-222.4,-221.3,-220.1
2,GRYWEGQGSCLHRIGDNGNCNW,-14.86,MDockPeP,f100,-225.9,-225.0,-224.7,-220.4,-218.9,-218.3,-216.0,-215.8,-215.7,-214.7
2,GRYWEGQGSCLHRIGDNGNCNW,-14.86,MDockPeP,x1,-235.8,-235.5,-235.2,-235.1,-230.8,-225.0,-223.6,-222.5,-222.1,-221.5
3,GQSADDIIAQLIRMADDHQAQY,-9.32,HPEPDOCK,m1,-205.2,-191.1,-188.7,-188.7,-187.8,-187.2,-186.8,-183.4,-182.4,-180.4
3,GQSADDIIAQLIRMADDHQAQY,-9.32,HPEPDOCK,f100,-187.5,-186.0,-178.4,-177.9,-176.7,-175.1,-171.9,-171.4,-167.7,-166.6
3,GQSADDIIAQLIRMADDHQAQY,-9.32,HPEPDOCK,x1,-237.3,-209.8,-205.1,-203.1,-201.8,-199.3,-193.8,-193.1,-189.4,-187.7
3,GQSADDIIAQLIRMADDHQAQY,-9.32,MDockPeP,m1,-231.1,-227.8,-225.3,-223.9,-223.2,-221.6,-221.5,-221.2,-218.4,-217.5
3,GQSADDIIAQLIRMADDHQAQY,-9.32,MDockPeP,f100,-235.0,-232.3,-231.5,-230.7,-228.2,-221.0,-218.6,-217.8,-213.6,-210.6
3,GQSADDIIAQLIRMADDHQAQY,-9.32,MDockPeP,x1,-231.2,-226.9,-225.7,-225.5,-222.9,-221.1,-220.1,-218.6,-217.6,-217.0
4,GQWKREIGALLRRPADKLNAQF,-9.10,HPEPDOCK,m1,-215.7,-214.0,-198.7,-195.6,-192.6,-191.5,-188.5,-187.5,-186.2,-186.0
4,GQWKREIGALLRRPADKLNAQF,-9.10,HPEPDOCK,f100,-193.9,-189.5,-182.6,-182.0,-181.3,-179.2,-175.8,-172.4,-171.4,-170.4
4,GQWKREIGALLRRPADKLNAQF,-9.10,HPEPDOCK,x1,-220.0,-214.0,-211.3,-209.4,-204.8,-204.4,-202.9,-200.6,-198.1,-196.5
4,GQWKREIGALLRRPADKLNAQF,-9.10,MDockPeP,m1,-266.7,-257.8,-256.9,-254.5,-253.6,-250.7,-250.6,-250.2,-249.4,-247.6
4,GQWKREIGALLRRPADKLNAQF,-9.10,MDockPeP,f100,-251.4,-245.1,-243.9,-243.5,-241.6,-240.9,-239.9,-239.4,-238.4,-237.8
4,GQWKREIGALLRRPADKLNAQF,-9.10,MDockPeP,x1,-258.6,-256.0,-250.1,-246.8,-246.5,-242.5,-240.8,-238.8,-237.1,-236.8
